country,indicator_name,calendar_year,price_paid_cents_per_lb,price_paid_dollars_per_lb
Colombia,colombian_milds,1990,69.523,0.69523
Kenya,colombian_milds,1990,60.5721,0.605721
Tanzania,colombian_milds,1990,40.8183,0.408183
Bolivia (Plurinational State of),other_milds,1990,51.7802,0.517802
Burundi,other_milds,1990,58.0195,0.580195
Cameroon,other_milds,1990,32.2852,0.32285200000000003
Costa Rica,other_milds,1990,58.4893,0.584893
Cuba,other_milds,1990,171.4282,1.714282
Democratic Republic of Congo,other_milds,1990,,
Dominican Republic,other_milds,1990,66.055,0.6605500000000001
Ecuador,other_milds,1990,35.2113,0.352113
El Salvador,other_milds,1990,50.5636,0.505636
Guatemala,other_milds,1990,54.5845,0.545845
Haiti,other_milds,1990,41.2845,0.412845
Honduras,other_milds,1990,50.3496,0.503496
India,other_milds,1990,66.7522,0.6675220000000001
Jamaica,other_milds,1990,171.5513,1.715513
Madagascar,other_milds,1990,,
Malawi,other_milds,1990,84.873,0.8487300000000001
Mexico,other_milds,1990,79.5617,0.795617
Nicaragua,other_milds,1990,,
Panama,other_milds,1990,49.304,0.49304000000000003
Papua New Guinea,other_milds,1990,65.5004,0.655004
Peru,other_milds,1990,90.3729,0.903729
Rwanda,other_milds,1990,74.2047,0.742047
Sri Lanka,other_milds,1990,,
Uganda,other_milds,1990,15.2932,0.152932
Venezuela,other_milds,1990,,
Zambia,other_milds,1990,89.7541,0.8975409999999999
Zimbabwe,other_milds,1990,,
Angola,brazilian_naturals,1990,,
Brazil,brazilian_naturals,1990,54.3248,0.5432480000000001
Ethiopia,brazilian_naturals,1990,61.09,0.6109
Indonesia,brazilian_naturals,1990,,
Philippines,brazilian_naturals,1990,,
Thailand,brazilian_naturals,1990,,
Viet Nam,brazilian_naturals,1990,,
Angola,robustas,1990,85.6569,0.8565689999999999
Benin,robustas,1990,53.7609,0.537609
Brazil,robustas,1990,34.8486,0.34848599999999996
Burundi,robustas,1990,,
Cameroon,robustas,1990,28.3337,0.283337
Central African Republic,robustas,1990,36.7471,0.36747100000000005
Congo,robustas,1990,19.2087,0.192087
Côte d'Ivoire,robustas,1990,33.4064,0.33406399999999997
Democratic Republic of Congo,robustas,1990,4.5201,0.045201000000000005
Ecuador,robustas,1990,19.0602,0.190602
Gabon,robustas,1990,43.4284,0.43428400000000006
Ghana,robustas,1990,,
Guinea,robustas,1990,34.3722,0.34372199999999997
India,robustas,1990,44.3451,0.44345100000000004
Indonesia,robustas,1990,29.6807,0.29680700000000004
Liberia,robustas,1990,,
Madagascar,robustas,1990,32.4545,0.32454500000000003
Nigeria,robustas,1990,70.5228,0.7052280000000001
Papua New Guinea,robustas,1990,26.5984,0.265984
Philippines,robustas,1990,34.2253,0.342253
Sierra Leone,robustas,1990,26.1686,0.26168600000000003
Sri Lanka,robustas,1990,26.8959,0.268959
Tanzania,robustas,1990,17.007,0.17007000000000003
Thailand,robustas,1990,37.7181,0.377181
Togo,robustas,1990,29.2306,0.292306
Trinidad & Tobago,robustas,1990,62.5882,0.625882
Uganda,robustas,1990,7.5418,0.075418
Viet Nam,robustas,1990,36.9183,0.36918300000000004
Colombia,colombian_milds,1991,67.1251,0.671251
Kenya,colombian_milds,1991,50.6778,0.506778
Tanzania,colombian_milds,1991,49.5039,0.495039
Bolivia (Plurinational State of),other_milds,1991,52.423,0.52423
Burundi,other_milds,1991,55.0206,0.550206
Cameroon,other_milds,1991,28.2347,0.282347
Costa Rica,other_milds,1991,52.7258,0.527258
Cuba,other_milds,1991,171.4282,1.714282
Democratic Republic of Congo,other_milds,1991,,
Dominican Republic,other_milds,1991,62.6429,0.626429
Ecuador,other_milds,1991,36.1803,0.36180300000000004
El Salvador,other_milds,1991,44.5445,0.445445
Guatemala,other_milds,1991,57.5349,0.575349
Haiti,other_milds,1991,23.9888,0.23988800000000002
Honduras,other_milds,1991,56.1243,0.5612429999999999
India,other_milds,1991,61.5342,0.615342
Jamaica,other_milds,1991,227.4241,2.274241
Madagascar,other_milds,1991,,
Malawi,other_milds,1991,70.9354,0.709354
Mexico,other_milds,1991,86.5563,0.865563
Nicaragua,other_milds,1991,44.137,0.44137
Panama,other_milds,1991,47.2497,0.47249699999999994
Papua New Guinea,other_milds,1991,64.5333,0.6453329999999999
Peru,other_milds,1991,,
Rwanda,other_milds,1991,50.3764,0.503764
Sri Lanka,other_milds,1991,,
Uganda,other_milds,1991,29.6408,0.296408
Venezuela,other_milds,1991,,
Zambia,other_milds,1991,70.3159,0.703159
Zimbabwe,other_milds,1991,,
Angola,brazilian_naturals,1991,,
Brazil,brazilian_naturals,1991,43.9931,0.43993099999999996
Ethiopia,brazilian_naturals,1991,68.1911,0.681911
Indonesia,brazilian_naturals,1991,,
Philippines,brazilian_naturals,1991,,
Thailand,brazilian_naturals,1991,,
Viet Nam,brazilian_naturals,1991,,
Angola,robustas,1991,91.1153,0.9111530000000001
Benin,robustas,1991,22.8961,0.228961
Brazil,robustas,1991,27.4947,0.274947
Burundi,robustas,1991,,
Cameroon,robustas,1991,25.0078,0.250078
Central African Republic,robustas,1991,36.6398,0.366398
Congo,robustas,1991,18.5542,0.185542
Côte d'Ivoire,robustas,1991,32.2682,0.322682
Democratic Republic of Congo,robustas,1991,,
Ecuador,robustas,1991,17.8351,0.178351
Gabon,robustas,1991,43.5841,0.435841
Ghana,robustas,1991,,
Guinea,robustas,1991,30.2467,0.302467
India,robustas,1991,40.6472,0.406472
Indonesia,robustas,1991,29.9209,0.299209
Liberia,robustas,1991,,
Madagascar,robustas,1991,22.7618,0.22761800000000001
Nigeria,robustas,1991,59.0325,0.590325
Papua New Guinea,robustas,1991,29.4778,0.294778
Philippines,robustas,1991,34.6061,0.34606099999999995
Sierra Leone,robustas,1991,,
Sri Lanka,robustas,1991,25.2906,0.252906
Tanzania,robustas,1991,17.1071,0.171071
Thailand,robustas,1991,18.3728,0.183728
Togo,robustas,1991,28.6435,0.286435
Trinidad & Tobago,robustas,1991,62.5882,0.625882
Uganda,robustas,1991,11.8428,0.118428
Viet Nam,robustas,1991,30.7256,0.307256
Colombia,colombian_milds,1992,54.5709,0.545709
Kenya,colombian_milds,1992,28.9495,0.289495
Tanzania,colombian_milds,1992,49.1581,0.491581
Bolivia (Plurinational State of),other_milds,1992,43.5276,0.435276
Burundi,other_milds,1992,59.234,0.59234
Cameroon,other_milds,1992,28.7593,0.287593
Costa Rica,other_milds,1992,49.9093,0.499093
Cuba,other_milds,1992,179.9996,1.799996
Democratic Republic of Congo,other_milds,1992,,
Dominican Republic,other_milds,1992,46.5612,0.46561199999999997
Ecuador,other_milds,1992,29.0799,0.290799
El Salvador,other_milds,1992,30.9092,0.309092
Guatemala,other_milds,1992,40.2309,0.40230899999999997
Haiti,other_milds,1992,8.7513,0.08751300000000001
Honduras,other_milds,1992,40.1384,0.40138399999999996
India,other_milds,1992,53.9595,0.5395949999999999
Jamaica,other_milds,1992,182.5115,1.825115
Madagascar,other_milds,1992,,
Malawi,other_milds,1992,48.6849,0.486849
Mexico,other_milds,1992,58.2508,0.582508
Nicaragua,other_milds,1992,44.137,0.44137
Panama,other_milds,1992,44.3736,0.443736
Papua New Guinea,other_milds,1992,57.9582,0.5795819999999999
Peru,other_milds,1992,31.9698,0.319698
Rwanda,other_milds,1992,48.9068,0.48906799999999995
Sri Lanka,other_milds,1992,,
Uganda,other_milds,1992,19.9953,0.199953
Venezuela,other_milds,1992,,
Zambia,other_milds,1992,34.9584,0.34958399999999995
Zimbabwe,other_milds,1992,,
Angola,brazilian_naturals,1992,,
Brazil,brazilian_naturals,1992,45.1989,0.45198900000000003
Ethiopia,brazilian_naturals,1992,61.2061,0.612061
Indonesia,brazilian_naturals,1992,,
Philippines,brazilian_naturals,1992,55.7355,0.557355
Thailand,brazilian_naturals,1992,,
Viet Nam,brazilian_naturals,1992,,
Angola,robustas,1992,44.9183,0.449183
Benin,robustas,1992,24.0067,0.24006699999999997
Brazil,robustas,1992,27.5947,0.275947
Burundi,robustas,1992,47.1618,0.471618
Cameroon,robustas,1992,24.2466,0.24246600000000001
Central African Republic,robustas,1992,33.9318,0.339318
Congo,robustas,1992,19.7491,0.19749099999999997
Côte d'Ivoire,robustas,1992,31.7589,0.317589
Democratic Republic of Congo,robustas,1992,,
Ecuador,robustas,1992,23.307,0.23307
Gabon,robustas,1992,51.5195,0.515195
Ghana,robustas,1992,,
Guinea,robustas,1992,23.7512,0.237512
India,robustas,1992,39.7709,0.397709
Indonesia,robustas,1992,24.9216,0.24921600000000002
Liberia,robustas,1992,,
Madagascar,robustas,1992,22.6204,0.226204
Nigeria,robustas,1992,39.5004,0.39500399999999997
Papua New Guinea,robustas,1992,39.1005,0.391005
Philippines,robustas,1992,42.4765,0.424765
Sierra Leone,robustas,1992,,
Sri Lanka,robustas,1992,31.8496,0.318496
Tanzania,robustas,1992,14.8403,0.14840299999999998
Thailand,robustas,1992,20.3048,0.203048
Togo,robustas,1992,29.8298,0.298298
Trinidad & Tobago,robustas,1992,69.2941,0.692941
Uganda,robustas,1992,8.9537,0.08953699999999999
Viet Nam,robustas,1992,30.707,0.30707
Colombia,colombian_milds,1993,50.1234,0.501234
Kenya,colombian_milds,1993,47.6419,0.476419
Tanzania,colombian_milds,1993,38.2833,0.382833
Bolivia (Plurinational State of),other_milds,1993,27.3283,0.273283
Burundi,other_milds,1993,58.2708,0.582708
Cameroon,other_milds,1993,23.251,0.23251000000000002
Costa Rica,other_milds,1993,54.2666,0.542666
Cuba,other_milds,1993,188.5711,1.885711
Democratic Republic of Congo,other_milds,1993,,
Dominican Republic,other_milds,1993,53.1235,0.531235
Ecuador,other_milds,1993,27.6633,0.276633
El Salvador,other_milds,1993,35.352,0.35351999999999995
Guatemala,other_milds,1993,41.4292,0.414292
Haiti,other_milds,1993,14.4941,0.144941
Honduras,other_milds,1993,37.5422,0.37542200000000003
India,other_milds,1993,57.9237,0.579237
Jamaica,other_milds,1993,255.535,2.55535
Madagascar,other_milds,1993,,
Malawi,other_milds,1993,57.3368,0.573368
Mexico,other_milds,1993,79.3121,0.793121
Nicaragua,other_milds,1993,,
Panama,other_milds,1993,51.7692,0.5176919999999999
Papua New Guinea,other_milds,1993,84.9202,0.8492019999999999
Peru,other_milds,1993,32.4379,0.324379
Rwanda,other_milds,1993,45.2117,0.452117
Sri Lanka,other_milds,1993,,
Uganda,other_milds,1993,25.0191,0.250191
Venezuela,other_milds,1993,,
Zambia,other_milds,1993,54.4883,0.544883
Zimbabwe,other_milds,1993,,
Angola,brazilian_naturals,1993,,
Brazil,brazilian_naturals,1993,52.877,0.5287700000000001
Ethiopia,brazilian_naturals,1993,61.7186,0.617186
Indonesia,brazilian_naturals,1993,115.5349,1.155349
Philippines,brazilian_naturals,1993,54.1985,0.541985
Thailand,brazilian_naturals,1993,,
Viet Nam,brazilian_naturals,1993,,
Angola,robustas,1993,11.8708,0.118708
Benin,robustas,1993,,
Brazil,robustas,1993,35.5441,0.355441
Burundi,robustas,1993,41.8018,0.418018
Cameroon,robustas,1993,17.3955,0.17395499999999997
Central African Republic,robustas,1993,23.8924,0.238924
Congo,robustas,1993,18.4404,0.184404
Côte d'Ivoire,robustas,1993,27.6964,0.276964
Democratic Republic of Congo,robustas,1993,,
Ecuador,robustas,1993,19.5204,0.195204
Gabon,robustas,1993,48.1054,0.48105400000000004
Ghana,robustas,1993,,
Guinea,robustas,1993,27.4662,0.274662
India,robustas,1993,44.2088,0.442088
Indonesia,robustas,1993,28.4882,0.28488199999999997
Liberia,robustas,1993,,
Madagascar,robustas,1993,36.2656,0.362656
Nigeria,robustas,1993,36.0781,0.360781
Papua New Guinea,robustas,1993,54.8047,0.548047
Philippines,robustas,1993,46.4492,0.46449199999999996
Sierra Leone,robustas,1993,,
Sri Lanka,robustas,1993,28.8866,0.288866
Tanzania,robustas,1993,11.8801,0.118801
Thailand,robustas,1993,18.2894,0.182894
Togo,robustas,1993,22.6435,0.226435
Trinidad & Tobago,robustas,1993,72.1989,0.721989
Uganda,robustas,1993,11.7661,0.117661
Viet Nam,robustas,1993,34.5296,0.34529600000000005
Colombia,colombian_milds,1994,85.9942,0.8599420000000001
Kenya,colombian_milds,1994,152.6058,1.526058
Tanzania,colombian_milds,1994,62.1553,0.621553
Bolivia (Plurinational State of),other_milds,1994,79.915,0.79915
Burundi,other_milds,1994,60.6823,0.606823
Cameroon,other_milds,1994,88.3161,0.8831610000000001
Costa Rica,other_milds,1994,81.3628,0.8136279999999999
Cuba,other_milds,1994,203.5302,2.035302
Democratic Republic of Congo,other_milds,1994,,
Dominican Republic,other_milds,1994,112.264,1.1226399999999999
Ecuador,other_milds,1994,76.4202,0.7642019999999999
El Salvador,other_milds,1994,99.2603,0.992603
Guatemala,other_milds,1994,75.3208,0.7532080000000001
Haiti,other_milds,1994,25.8735,0.258735
Honduras,other_milds,1994,81.5661,0.8156610000000001
India,other_milds,1994,78.4057,0.784057
Jamaica,other_milds,1994,290.5986,2.905986
Madagascar,other_milds,1994,,
Malawi,other_milds,1994,92.4135,0.924135
Mexico,other_milds,1994,157.9099,1.579099
Nicaragua,other_milds,1994,,
Panama,other_milds,1994,80.119,0.80119
Papua New Guinea,other_milds,1994,149.0779,1.490779
Peru,other_milds,1994,88.1397,0.8813970000000001
Rwanda,other_milds,1994,49.4221,0.494221
Sri Lanka,other_milds,1994,71.9905,0.719905
Uganda,other_milds,1994,75.4993,0.754993
Venezuela,other_milds,1994,,
Zambia,other_milds,1994,88.2671,0.882671
Zimbabwe,other_milds,1994,,
Angola,brazilian_naturals,1994,,
Brazil,brazilian_naturals,1994,114.5687,1.1456870000000001
Ethiopia,brazilian_naturals,1994,109.546,1.09546
Indonesia,brazilian_naturals,1994,173.5073,1.7350729999999999
Philippines,brazilian_naturals,1994,99.6167,0.9961669999999999
Thailand,brazilian_naturals,1994,,
Viet Nam,brazilian_naturals,1994,,
Angola,robustas,1994,,
Benin,robustas,1994,,
Brazil,robustas,1994,85.4261,0.854261
Burundi,robustas,1994,41.4499,0.414499
Cameroon,robustas,1994,29.8547,0.298547
Central African Republic,robustas,1994,32.742,0.32742
Congo,robustas,1994,8.7749,0.08774900000000001
Côte d'Ivoire,robustas,1994,29.7788,0.297788
Democratic Republic of Congo,robustas,1994,,
Ecuador,robustas,1994,63.2941,0.632941
Gabon,robustas,1994,27.7637,0.277637
Ghana,robustas,1994,,
Guinea,robustas,1994,61.3323,0.613323
India,robustas,1994,56.4636,0.564636
Indonesia,robustas,1994,91.3781,0.9137810000000001
Liberia,robustas,1994,,
Madagascar,robustas,1994,43.9881,0.439881
Nigeria,robustas,1994,51.554,0.51554
Papua New Guinea,robustas,1994,95.6374,0.956374
Philippines,robustas,1994,94.6608,0.9466079999999999
Sierra Leone,robustas,1994,,
Sri Lanka,robustas,1994,71.9905,0.719905
Tanzania,robustas,1994,24.0035,0.240035
Thailand,robustas,1994,18.7899,0.18789899999999998
Togo,robustas,1994,25.9924,0.259924
Trinidad & Tobago,robustas,1994,64.1384,0.6413840000000001
Uganda,robustas,1994,41.6628,0.416628
Viet Nam,robustas,1994,86.0079,0.860079
Colombia,colombian_milds,1995,99.6231,0.996231
Kenya,colombian_milds,1995,140.1651,1.401651
Tanzania,colombian_milds,1995,86.7599,0.867599
Bolivia (Plurinational State of),other_milds,1995,76.9867,0.769867
Burundi,other_milds,1995,56.6854,0.566854
Cameroon,other_milds,1995,85.2593,0.8525929999999999
Costa Rica,other_milds,1995,88.2256,0.882256
Cuba,other_milds,1995,188.601,1.88601
Democratic Republic of Congo,other_milds,1995,51.1246,0.511246
Dominican Republic,other_milds,1995,109.2636,1.092636
Ecuador,other_milds,1995,173.3047,1.733047
El Salvador,other_milds,1995,100.5128,1.005128
Guatemala,other_milds,1995,99.34,0.9934000000000001
Haiti,other_milds,1995,36.2968,0.36296799999999996
Honduras,other_milds,1995,102.5493,1.025493
India,other_milds,1995,84.7157,0.8471569999999999
Jamaica,other_milds,1995,284.2448,2.842448
Madagascar,other_milds,1995,87.3469,0.873469
Malawi,other_milds,1995,125.2991,1.252991
Mexico,other_milds,1995,162.7935,1.627935
Nicaragua,other_milds,1995,,
Panama,other_milds,1995,97.3754,0.973754
Papua New Guinea,other_milds,1995,83.9783,0.8397830000000001
Peru,other_milds,1995,95.8392,0.958392
Rwanda,other_milds,1995,54.9261,0.549261
Sri Lanka,other_milds,1995,98.9851,0.989851
Uganda,other_milds,1995,68.259,0.68259
Venezuela,other_milds,1995,,
Zambia,other_milds,1995,69.2634,0.6926340000000001
Zimbabwe,other_milds,1995,,
Angola,brazilian_naturals,1995,,
Brazil,brazilian_naturals,1995,115.5228,1.1552280000000001
Ethiopia,brazilian_naturals,1995,115.0172,1.150172
Indonesia,brazilian_naturals,1995,,
Philippines,brazilian_naturals,1995,106.301,1.06301
Thailand,brazilian_naturals,1995,,
Viet Nam,brazilian_naturals,1995,,
Angola,robustas,1995,,
Benin,robustas,1995,,
Brazil,robustas,1995,97.4999,0.974999
Burundi,robustas,1995,42.3356,0.423356
Cameroon,robustas,1995,52.0795,0.520795
Central African Republic,robustas,1995,57.1888,0.571888
Congo,robustas,1995,27.2813,0.272813
Côte d'Ivoire,robustas,1995,59.4027,0.5940270000000001
Democratic Republic of Congo,robustas,1995,28.3495,0.283495
Ecuador,robustas,1995,143.6162,1.436162
Gabon,robustas,1995,40.9219,0.409219
Ghana,robustas,1995,,
Guinea,robustas,1995,92.2648,0.9226479999999999
India,robustas,1995,66.5331,0.665331
Indonesia,robustas,1995,95.6672,0.956672
Liberia,robustas,1995,,
Madagascar,robustas,1995,58.7292,0.587292
Nigeria,robustas,1995,,
Papua New Guinea,robustas,1995,66.3073,0.663073
Philippines,robustas,1995,104.3144,1.043144
Sierra Leone,robustas,1995,,
Sri Lanka,robustas,1995,93.2376,0.932376
Tanzania,robustas,1995,44.6094,0.446094
Thailand,robustas,1995,36.8393,0.368393
Togo,robustas,1995,61.4095,0.6140950000000001
Trinidad & Tobago,robustas,1995,63.8905,0.6389050000000001
Uganda,robustas,1995,59.7927,0.597927
Viet Nam,robustas,1995,95.1844,0.9518439999999999
Colombia,colombian_milds,1996,93.5556,0.9355559999999999
Kenya,colombian_milds,1996,110.036,1.10036
Tanzania,colombian_milds,1996,62.5345,0.625345
Bolivia (Plurinational State of),other_milds,1996,57.1799,0.5717990000000001
Burundi,other_milds,1996,51.9721,0.519721
Cameroon,other_milds,1996,80.9459,0.8094589999999999
Costa Rica,other_milds,1996,92.7809,0.927809
Cuba,other_milds,1996,188.5711,1.885711
Democratic Republic of Congo,other_milds,1996,68.0387,0.6803870000000001
Dominican Republic,other_milds,1996,87.671,0.8767100000000001
Ecuador,other_milds,1996,141.1327,1.411327
El Salvador,other_milds,1996,75.0201,0.750201
Guatemala,other_milds,1996,83.7674,0.8376739999999999
Haiti,other_milds,1996,28.1373,0.281373
Honduras,other_milds,1996,67.6608,0.676608
India,other_milds,1996,78.3183,0.783183
Jamaica,other_milds,1996,332.1091,3.321091
Madagascar,other_milds,1996,94.7194,0.947194
Malawi,other_milds,1996,95.6576,0.956576
Mexico,other_milds,1996,123.4396,1.234396
Nicaragua,other_milds,1996,,
Panama,other_milds,1996,100.9089,1.0090890000000001
Papua New Guinea,other_milds,1996,95.0217,0.950217
Peru,other_milds,1996,77.7005,0.7770050000000001
Rwanda,other_milds,1996,55.4431,0.554431
Sri Lanka,other_milds,1996,,
Uganda,other_milds,1996,52.9977,0.529977
Venezuela,other_milds,1996,,
Zambia,other_milds,1996,81.4654,0.814654
Zimbabwe,other_milds,1996,,
Angola,brazilian_naturals,1996,,
Brazil,brazilian_naturals,1996,96.3456,0.9634560000000001
Ethiopia,brazilian_naturals,1996,67.7365,0.6773650000000001
Indonesia,brazilian_naturals,1996,,
Philippines,brazilian_naturals,1996,76.3125,0.763125
Thailand,brazilian_naturals,1996,,
Viet Nam,brazilian_naturals,1996,,
Angola,robustas,1996,,
Benin,robustas,1996,,
Brazil,robustas,1996,69.7791,0.697791
Burundi,robustas,1996,40.4503,0.404503
Cameroon,robustas,1996,51.0193,0.510193
Central African Republic,robustas,1996,45.0685,0.450685
Congo,robustas,1996,14.1896,0.141896
Côte d'Ivoire,robustas,1996,57.6963,0.576963
Democratic Republic of Congo,robustas,1996,32.8854,0.328854
Ecuador,robustas,1996,97.5143,0.9751430000000001
Gabon,robustas,1996,39.9081,0.39908099999999996
Ghana,robustas,1996,,
Guinea,robustas,1996,,
India,robustas,1996,56.6737,0.5667369999999999
Indonesia,robustas,1996,58.3501,0.5835009999999999
Liberia,robustas,1996,,
Madagascar,robustas,1996,61.0601,0.610601
Nigeria,robustas,1996,,
Papua New Guinea,robustas,1996,63.7485,0.637485
Philippines,robustas,1996,68.9094,0.6890940000000001
Sierra Leone,robustas,1996,,
Sri Lanka,robustas,1996,,
Tanzania,robustas,1996,32.2006,0.322006
Thailand,robustas,1996,43.3532,0.43353200000000003
Togo,robustas,1996,62.5798,0.625798
Trinidad & Tobago,robustas,1996,63.2496,0.6324960000000001
Uganda,robustas,1996,37.4363,0.374363
Viet Nam,robustas,1996,57.4154,0.5741539999999999
Colombia,colombian_milds,1997,133.1672,1.3316720000000002
Kenya,colombian_milds,1997,183.9967,1.8399670000000001
Tanzania,colombian_milds,1997,118.5236,1.185236
Bolivia (Plurinational State of),other_milds,1997,100.0689,1.000689
Burundi,other_milds,1997,52.7855,0.527855
Cameroon,other_milds,1997,43.6415,0.436415
Costa Rica,other_milds,1997,98.2583,0.9825830000000001
Cuba,other_milds,1997,188.5711,1.885711
Democratic Republic of Congo,other_milds,1997,85.0486,0.850486
Dominican Republic,other_milds,1997,166.4135,1.664135
Ecuador,other_milds,1997,167.9155,1.6791550000000002
El Salvador,other_milds,1997,125.1436,1.251436
Guatemala,other_milds,1997,97.2509,0.9725090000000001
Haiti,other_milds,1997,29.3734,0.293734
Honduras,other_milds,1997,116.8815,1.168815
India,other_milds,1997,130.1785,1.3017850000000002
Jamaica,other_milds,1997,286.7807,2.8678070000000004
Madagascar,other_milds,1997,58.7447,0.587447
Malawi,other_milds,1997,108.7488,1.087488
Mexico,other_milds,1997,136.1169,1.3611689999999999
Nicaragua,other_milds,1997,,
Panama,other_milds,1997,126.547,1.2654699999999999
Papua New Guinea,other_milds,1997,153.7373,1.537373
Peru,other_milds,1997,105.2832,1.052832
Rwanda,other_milds,1997,56.4162,0.564162
Sri Lanka,other_milds,1997,,
Uganda,other_milds,1997,80.314,0.80314
Venezuela,other_milds,1997,,
Zambia,other_milds,1997,121.892,1.21892
Zimbabwe,other_milds,1997,,
Angola,brazilian_naturals,1997,,
Brazil,brazilian_naturals,1997,145.4095,1.4540950000000001
Ethiopia,brazilian_naturals,1997,91.0557,0.9105570000000001
Indonesia,brazilian_naturals,1997,112.2585,1.122585
Philippines,brazilian_naturals,1997,79.7375,0.797375
Thailand,brazilian_naturals,1997,,
Viet Nam,brazilian_naturals,1997,,
Angola,robustas,1997,,
Benin,robustas,1997,,
Brazil,robustas,1997,77.8558,0.778558
Burundi,robustas,1997,40.1863,0.401863
Cameroon,robustas,1997,38.9016,0.38901600000000003
Central African Republic,robustas,1997,38.3562,0.383562
Congo,robustas,1997,,
Côte d'Ivoire,robustas,1997,39.2871,0.392871
Democratic Republic of Congo,robustas,1997,45.3592,0.453592
Ecuador,robustas,1997,61.193,0.61193
Gabon,robustas,1997,37.9027,0.379027
Ghana,robustas,1997,,
Guinea,robustas,1997,,
India,robustas,1997,76.3016,0.7630159999999999
Indonesia,robustas,1997,58.434,0.58434
Liberia,robustas,1997,,
Madagascar,robustas,1997,49.4841,0.494841
Nigeria,robustas,1997,,
Papua New Guinea,robustas,1997,75.4338,0.7543380000000001
Philippines,robustas,1997,72.9149,0.729149
Sierra Leone,robustas,1997,,
Sri Lanka,robustas,1997,,
Tanzania,robustas,1997,92.4844,0.9248439999999999
Thailand,robustas,1997,21.85,0.21850000000000003
Togo,robustas,1997,44.8863,0.448863
Trinidad & Tobago,robustas,1997,60.6263,0.606263
Uganda,robustas,1997,41.6871,0.416871
Viet Nam,robustas,1997,56.1426,0.561426
Colombia,colombian_milds,1998,102.0805,1.020805
Kenya,colombian_milds,1998,179.8972,1.798972
Tanzania,colombian_milds,1998,90.7025,0.907025
Bolivia (Plurinational State of),other_milds,1998,131.0938,1.310938
Burundi,other_milds,1998,52.2187,0.522187
Cameroon,other_milds,1998,66.8331,0.668331
Costa Rica,other_milds,1998,92.6592,0.926592
Cuba,other_milds,1998,188.5711,1.885711
Democratic Republic of Congo,other_milds,1998,63.1381,0.631381
Dominican Republic,other_milds,1998,95.2485,0.952485
Ecuador,other_milds,1998,110.5961,1.105961
El Salvador,other_milds,1998,85.0455,0.8504550000000001
Guatemala,other_milds,1998,102.4469,1.024469
Haiti,other_milds,1998,30.9468,0.309468
Honduras,other_milds,1998,93.2578,0.932578
India,other_milds,1998,99.4736,0.9947360000000001
Jamaica,other_milds,1998,215.4499,2.154499
Madagascar,other_milds,1998,50.3483,0.503483
Malawi,other_milds,1998,101.5223,1.015223
Mexico,other_milds,1998,101.6877,1.016877
Nicaragua,other_milds,1998,,
Panama,other_milds,1998,111.7558,1.1175579999999998
Papua New Guinea,other_milds,1998,104.8459,1.048459
Peru,other_milds,1998,75.4309,0.7543089999999999
Rwanda,other_milds,1998,55.6524,0.556524
Sri Lanka,other_milds,1998,,
Uganda,other_milds,1998,78.7451,0.7874509999999999
Venezuela,other_milds,1998,,
Zambia,other_milds,1998,130.8328,1.308328
Zimbabwe,other_milds,1998,,
Angola,brazilian_naturals,1998,,
Brazil,brazilian_naturals,1998,105.2491,1.052491
Ethiopia,brazilian_naturals,1998,91.8639,0.918639
Indonesia,brazilian_naturals,1998,99.4085,0.994085
Philippines,brazilian_naturals,1998,81.8728,0.818728
Thailand,brazilian_naturals,1998,,
Viet Nam,brazilian_naturals,1998,,
Angola,robustas,1998,,
Benin,robustas,1998,,
Brazil,robustas,1998,77.7473,0.777473
Burundi,robustas,1998,35.3567,0.35356699999999996
Cameroon,robustas,1998,36.4619,0.364619
Central African Republic,robustas,1998,37.8613,0.378613
Congo,robustas,1998,,
Côte d'Ivoire,robustas,1998,40.1367,0.401367
Democratic Republic of Congo,robustas,1998,44.276,0.44276000000000004
Ecuador,robustas,1998,66.6301,0.666301
Gabon,robustas,1998,50.2608,0.502608
Ghana,robustas,1998,,
Guinea,robustas,1998,,
India,robustas,1998,75.6198,0.7561979999999999
Indonesia,robustas,1998,59.3709,0.593709
Liberia,robustas,1998,,
Madagascar,robustas,1998,48.2505,0.482505
Nigeria,robustas,1998,,
Papua New Guinea,robustas,1998,59.1507,0.591507
Philippines,robustas,1998,76.6635,0.766635
Sierra Leone,robustas,1998,,
Sri Lanka,robustas,1998,,
Tanzania,robustas,1998,28.1884,0.281884
Thailand,robustas,1998,27.3262,0.273262
Togo,robustas,1998,49.9303,0.49930300000000005
Trinidad & Tobago,robustas,1998,60.2943,0.602943
Uganda,robustas,1998,40.0205,0.400205
Viet Nam,robustas,1998,65.8694,0.658694
Colombia,colombian_milds,1999,86.3828,0.863828
Kenya,colombian_milds,1999,105.1914,1.051914
Tanzania,colombian_milds,1999,65.8769,0.658769
Bolivia (Plurinational State of),other_milds,1999,98.7076,0.987076
Burundi,other_milds,1999,46.5697,0.46569699999999997
Cameroon,other_milds,1999,88.411,0.8841100000000001
Costa Rica,other_milds,1999,79.5496,0.795496
Cuba,other_milds,1999,188.5711,1.885711
Democratic Republic of Congo,other_milds,1999,,
Dominican Republic,other_milds,1999,74.1837,0.741837
Ecuador,other_milds,1999,78.046,0.78046
El Salvador,other_milds,1999,56.9223,0.569223
Guatemala,other_milds,1999,79.2374,0.7923739999999999
Haiti,other_milds,1999,22.895,0.22895
Honduras,other_milds,1999,61.4807,0.614807
India,other_milds,1999,67.4377,0.6743770000000001
Jamaica,other_milds,1999,177.2662,1.772662
Madagascar,other_milds,1999,43.491,0.43491
Malawi,other_milds,1999,77.641,0.77641
Mexico,other_milds,1999,80.9028,0.809028
Nicaragua,other_milds,1999,,
Panama,other_milds,1999,,
Papua New Guinea,other_milds,1999,60.8221,0.608221
Peru,other_milds,1999,59.7327,0.597327
Rwanda,other_milds,1999,45.3282,0.453282
Sri Lanka,other_milds,1999,,
Uganda,other_milds,1999,46.5634,0.465634
Venezuela,other_milds,1999,,
Zambia,other_milds,1999,119.6968,1.196968
Zimbabwe,other_milds,1999,,
Angola,brazilian_naturals,1999,,
Brazil,brazilian_naturals,1999,74.0666,0.7406659999999999
Ethiopia,brazilian_naturals,1999,65.6448,0.656448
Indonesia,brazilian_naturals,1999,,
Philippines,brazilian_naturals,1999,64.8877,0.6488769999999999
Thailand,brazilian_naturals,1999,,
Viet Nam,brazilian_naturals,1999,,
Angola,robustas,1999,,
Benin,robustas,1999,,
Brazil,robustas,1999,56.9266,0.569266
Burundi,robustas,1999,,
Cameroon,robustas,1999,31.3028,0.31302800000000003
Central African Republic,robustas,1999,29.7146,0.297146
Congo,robustas,1999,,
Côte d'Ivoire,robustas,1999,38.8128,0.38812800000000003
Democratic Republic of Congo,robustas,1999,88.1768,0.881768
Ecuador,robustas,1999,47.4832,0.474832
Gabon,robustas,1999,59.0145,0.590145
Ghana,robustas,1999,,
Guinea,robustas,1999,,
India,robustas,1999,57.6076,0.576076
Indonesia,robustas,1999,46.5479,0.465479
Liberia,robustas,1999,,
Madagascar,robustas,1999,38.0546,0.380546
Nigeria,robustas,1999,,
Papua New Guinea,robustas,1999,37.6982,0.376982
Philippines,robustas,1999,60.1365,0.6013649999999999
Sierra Leone,robustas,1999,,
Sri Lanka,robustas,1999,,
Tanzania,robustas,1999,23.5151,0.235151
Thailand,robustas,1999,31.3084,0.313084
Togo,robustas,1999,43.2215,0.432215
Trinidad & Tobago,robustas,1999,79.2287,0.7922870000000001
Uganda,robustas,1999,31.5157,0.31515699999999996
Viet Nam,robustas,1999,50.6962,0.506962
Colombia,colombian_milds,2000,74.9587,0.7495869999999999
Kenya,colombian_milds,2000,72.9797,0.7297969999999999
Tanzania,colombian_milds,2000,54.3175,0.5431750000000001
Bolivia (Plurinational State of),other_milds,2000,78.0529,0.7805289999999999
Burundi,other_milds,2000,37.3535,0.37353499999999995
Cameroon,other_milds,2000,33.221,0.33220999999999995
Costa Rica,other_milds,2000,69.2837,0.6928369999999999
Cuba,other_milds,2000,188.5711,1.885711
Democratic Republic of Congo,other_milds,2000,,
Dominican Republic,other_milds,2000,68.0127,0.6801269999999999
Ecuador,other_milds,2000,65.9705,0.659705
El Salvador,other_milds,2000,44.5482,0.445482
Guatemala,other_milds,2000,70.3747,0.703747
Haiti,other_milds,2000,22.4856,0.22485600000000003
Honduras,other_milds,2000,54.287,0.54287
India,other_milds,2000,63.7456,0.637456
Jamaica,other_milds,2000,208.4371,2.084371
Madagascar,other_milds,2000,155.8285,1.558285
Malawi,other_milds,2000,57.5992,0.5759920000000001
Mexico,other_milds,2000,64.0786,0.640786
Nicaragua,other_milds,2000,,
Panama,other_milds,2000,,
Papua New Guinea,other_milds,2000,49.2802,0.492802
Peru,other_milds,2000,53.8586,0.538586
Rwanda,other_milds,2000,34.0754,0.340754
Sri Lanka,other_milds,2000,,
Uganda,other_milds,2000,40.9981,0.409981
Venezuela,other_milds,2000,,
Zambia,other_milds,2000,91.8562,0.918562
Zimbabwe,other_milds,2000,,
Angola,brazilian_naturals,2000,,
Brazil,brazilian_naturals,2000,65.9769,0.659769
Ethiopia,brazilian_naturals,2000,56.421,0.56421
Indonesia,brazilian_naturals,2000,68.4091,0.684091
Philippines,brazilian_naturals,2000,37.044,0.37044
Thailand,brazilian_naturals,2000,,
Viet Nam,brazilian_naturals,2000,,
Angola,robustas,2000,51.7415,0.5174150000000001
Benin,robustas,2000,,
Brazil,robustas,2000,41.5274,0.415274
Burundi,robustas,2000,,
Cameroon,robustas,2000,30.4387,0.304387
Central African Republic,robustas,2000,18.2801,0.18280100000000002
Congo,robustas,2000,,
Côte d'Ivoire,robustas,2000,23.8537,0.238537
Democratic Republic of Congo,robustas,2000,45.042,0.45042000000000004
Ecuador,robustas,2000,32.696,0.32696
Gabon,robustas,2000,51.1065,0.511065
Ghana,robustas,2000,,
Guinea,robustas,2000,,
India,robustas,2000,35.8731,0.358731
Indonesia,robustas,2000,22.4016,0.224016
Liberia,robustas,2000,,
Madagascar,robustas,2000,109.0038,1.090038
Nigeria,robustas,2000,,
Papua New Guinea,robustas,2000,21.8897,0.218897
Philippines,robustas,2000,34.1959,0.341959
Sierra Leone,robustas,2000,,
Sri Lanka,robustas,2000,,
Tanzania,robustas,2000,15.2928,0.152928
Thailand,robustas,2000,12.3524,0.123524
Togo,robustas,2000,22.9164,0.229164
Trinidad & Tobago,robustas,2000,,
Uganda,robustas,2000,19.9233,0.19923300000000002
Viet Nam,robustas,2000,26.5528,0.265528
Colombia,colombian_milds,2001,57.9505,0.5795049999999999
Kenya,colombian_milds,2001,69.403,0.69403
Tanzania,colombian_milds,2001,34.8622,0.348622
Bolivia (Plurinational State of),other_milds,2001,,
Burundi,other_milds,2001,32.1917,0.32191699999999995
Cameroon,other_milds,2001,19.0898,0.190898
Costa Rica,other_milds,2001,46.6929,0.46692900000000004
Cuba,other_milds,2001,188.5711,1.885711
Democratic Republic of Congo,other_milds,2001,,
Dominican Republic,other_milds,2001,42.0392,0.420392
Ecuador,other_milds,2001,27.2816,0.272816
El Salvador,other_milds,2001,17.6285,0.176285
Guatemala,other_milds,2001,45.3452,0.45345199999999997
Haiti,other_milds,2001,,
Honduras,other_milds,2001,34.3176,0.343176
India,other_milds,2001,43.8182,0.43818199999999996
Jamaica,other_milds,2001,169.5941,1.695941
Madagascar,other_milds,2001,64.5937,0.645937
Malawi,other_milds,2001,46.4248,0.464248
Mexico,other_milds,2001,53.9753,0.5397529999999999
Nicaragua,other_milds,2001,29.6521,0.29652100000000003
Panama,other_milds,2001,,
Papua New Guinea,other_milds,2001,32.9735,0.329735
Peru,other_milds,2001,34.7709,0.347709
Rwanda,other_milds,2001,23.2564,0.232564
Sri Lanka,other_milds,2001,,
Uganda,other_milds,2001,27.5052,0.27505199999999996
Venezuela,other_milds,2001,,
Zambia,other_milds,2001,65.7341,0.657341
Zimbabwe,other_milds,2001,,
Angola,brazilian_naturals,2001,,
Brazil,brazilian_naturals,2001,37.0458,0.370458
Ethiopia,brazilian_naturals,2001,43.7795,0.437795
Indonesia,brazilian_naturals,2001,53.6054,0.536054
Philippines,brazilian_naturals,2001,49.3555,0.49355499999999997
Thailand,brazilian_naturals,2001,,
Viet Nam,brazilian_naturals,2001,,
Angola,robustas,2001,18.6135,0.186135
Benin,robustas,2001,,
Brazil,robustas,2001,19.3547,0.19354700000000002
Burundi,robustas,2001,,
Cameroon,robustas,2001,21.1299,0.211299
Central African Republic,robustas,2001,13.2225,0.132225
Congo,robustas,2001,,
Côte d'Ivoire,robustas,2001,,
Democratic Republic of Congo,robustas,2001,7.9507,0.07950700000000001
Ecuador,robustas,2001,11.2578,0.112578
Gabon,robustas,2001,47.9271,0.479271
Ghana,robustas,2001,,
Guinea,robustas,2001,,
India,robustas,2001,23.4397,0.234397
Indonesia,robustas,2001,13.5715,0.135715
Liberia,robustas,2001,,
Madagascar,robustas,2001,51.6628,0.516628
Nigeria,robustas,2001,,
Papua New Guinea,robustas,2001,12.0047,0.120047
Philippines,robustas,2001,23.6346,0.236346
Sierra Leone,robustas,2001,,
Sri Lanka,robustas,2001,,
Tanzania,robustas,2001,5.2086,0.05208599999999999
Thailand,robustas,2001,12.747,0.12747
Togo,robustas,2001,15.3167,0.153167
Trinidad & Tobago,robustas,2001,,
Uganda,robustas,2001,10.5687,0.105687
Viet Nam,robustas,2001,15.1186,0.15118600000000001
Colombia,colombian_milds,2002,52.5669,0.5256689999999999
Kenya,colombian_milds,2002,67.6698,0.6766979999999999
Tanzania,colombian_milds,2002,25.9279,0.25927900000000004
Bolivia (Plurinational State of),other_milds,2002,,
Burundi,other_milds,2002,29.17,0.2917
Cameroon,other_milds,2002,24.5554,0.245554
Costa Rica,other_milds,2002,46.7441,0.46744100000000005
Cuba,other_milds,2002,188.5711,1.885711
Democratic Republic of Congo,other_milds,2002,,
Dominican Republic,other_milds,2002,50.829,0.50829
Ecuador,other_milds,2002,27.3637,0.273637
El Salvador,other_milds,2002,21.8368,0.218368
Guatemala,other_milds,2002,49.6116,0.496116
Haiti,other_milds,2002,,
Honduras,other_milds,2002,37.056,0.37056
India,other_milds,2002,39.6095,0.396095
Jamaica,other_milds,2002,237.5996,2.375996
Madagascar,other_milds,2002,72.5041,0.7250409999999999
Malawi,other_milds,2002,39.7883,0.397883
Mexico,other_milds,2002,45.0775,0.450775
Nicaragua,other_milds,2002,30.1493,0.301493
Panama,other_milds,2002,,
Papua New Guinea,other_milds,2002,31.6628,0.316628
Peru,other_milds,2002,29.5158,0.295158
Rwanda,other_milds,2002,17.8762,0.178762
Sri Lanka,other_milds,2002,,
Uganda,other_milds,2002,27.5174,0.275174
Venezuela,other_milds,2002,,
Zambia,other_milds,2002,60.0056,0.600056
Zimbabwe,other_milds,2002,,
Angola,brazilian_naturals,2002,,
Brazil,brazilian_naturals,2002,30.9089,0.309089
Ethiopia,brazilian_naturals,2002,26.8781,0.268781
Indonesia,brazilian_naturals,2002,59.6569,0.596569
Philippines,brazilian_naturals,2002,21.738,0.21738
Thailand,brazilian_naturals,2002,,
Viet Nam,brazilian_naturals,2002,,
Angola,robustas,2002,10.7112,0.107112
Benin,robustas,2002,,
Brazil,robustas,2002,19.9937,0.199937
Burundi,robustas,2002,,
Cameroon,robustas,2002,16.0534,0.160534
Central African Republic,robustas,2002,11.942,0.11942
Congo,robustas,2002,,
Côte d'Ivoire,robustas,2002,8.9585,0.08958500000000001
Democratic Republic of Congo,robustas,2002,2.9573,0.029573000000000002
Ecuador,robustas,2002,11.9973,0.119973
Gabon,robustas,2002,44.5843,0.445843
Ghana,robustas,2002,,
Guinea,robustas,2002,,
India,robustas,2002,22.0776,0.220776
Indonesia,robustas,2002,14.6522,0.146522
Liberia,robustas,2002,,
Madagascar,robustas,2002,55.6953,0.556953
Nigeria,robustas,2002,,
Papua New Guinea,robustas,2002,13.3144,0.13314399999999998
Philippines,robustas,2002,21.4548,0.214548
Sierra Leone,robustas,2002,,
Sri Lanka,robustas,2002,,
Tanzania,robustas,2002,4.2981,0.042981
Thailand,robustas,2002,6.4439,0.064439
Togo,robustas,2002,18.2661,0.18266100000000002
Trinidad & Tobago,robustas,2002,,
Uganda,robustas,2002,12.7838,0.127838
Viet Nam,robustas,2002,18.1376,0.18137599999999998
Colombia,colombian_milds,2003,48.343,0.48343
Kenya,colombian_milds,2003,41.0724,0.41072400000000003
Tanzania,colombian_milds,2003,24.7808,0.247808
Bolivia (Plurinational State of),other_milds,2003,,
Burundi,other_milds,2003,24.8803,0.248803
Cameroon,other_milds,2003,35.2702,0.352702
Costa Rica,other_milds,2003,52.9871,0.529871
Cuba,other_milds,2003,168.9282,1.689282
Democratic Republic of Congo,other_milds,2003,,
Dominican Republic,other_milds,2003,49.572,0.49572000000000005
Ecuador,other_milds,2003,31.0615,0.310615
El Salvador,other_milds,2003,25.6889,0.256889
Guatemala,other_milds,2003,48.4242,0.484242
Haiti,other_milds,2003,,
Honduras,other_milds,2003,41.7124,0.41712400000000005
India,other_milds,2003,43.4504,0.434504
Jamaica,other_milds,2003,185.619,1.85619
Madagascar,other_milds,2003,86.5775,0.865775
Malawi,other_milds,2003,39.621,0.39621
Mexico,other_milds,2003,64.019,0.64019
Nicaragua,other_milds,2003,34.4183,0.344183
Panama,other_milds,2003,,
Papua New Guinea,other_milds,2003,36.9896,0.369896
Peru,other_milds,2003,32.9262,0.329262
Rwanda,other_milds,2003,24.8854,0.24885400000000002
Sri Lanka,other_milds,2003,,
Uganda,other_milds,2003,28.6403,0.286403
Venezuela,other_milds,2003,,
Zambia,other_milds,2003,52.9675,0.529675
Zimbabwe,other_milds,2003,,
Angola,brazilian_naturals,2003,,
Brazil,brazilian_naturals,2003,42.8184,0.42818399999999995
Ethiopia,brazilian_naturals,2003,34.5679,0.345679
Indonesia,brazilian_naturals,2003,42.0479,0.420479
Philippines,brazilian_naturals,2003,60.6343,0.6063430000000001
Thailand,brazilian_naturals,2003,,
Viet Nam,brazilian_naturals,2003,,
Angola,robustas,2003,6.6089,0.06608900000000001
Benin,robustas,2003,,
Brazil,robustas,2003,31.6119,0.316119
Burundi,robustas,2003,,
Cameroon,robustas,2003,22.2637,0.222637
Central African Republic,robustas,2003,18.0599,0.18059899999999998
Congo,robustas,2003,,
Côte d'Ivoire,robustas,2003,17.7064,0.177064
Democratic Republic of Congo,robustas,2003,5.6111,0.056111
Ecuador,robustas,2003,21.8581,0.218581
Gabon,robustas,2003,,
Ghana,robustas,2003,,
Guinea,robustas,2003,,
India,robustas,2003,28.5993,0.285993
Indonesia,robustas,2003,16.6091,0.16609100000000002
Liberia,robustas,2003,,
Madagascar,robustas,2003,55.9203,0.559203
Nigeria,robustas,2003,,
Papua New Guinea,robustas,2003,17.3053,0.17305299999999998
Philippines,robustas,2003,32.6523,0.32652299999999995
Sierra Leone,robustas,2003,,
Sri Lanka,robustas,2003,,
Tanzania,robustas,2003,6.7245,0.067245
Thailand,robustas,2003,13.2508,0.132508
Togo,robustas,2003,22.766,0.22765999999999997
Trinidad & Tobago,robustas,2003,,
Uganda,robustas,2003,20.8085,0.208085
Viet Nam,robustas,2003,27.9353,0.279353
Colombia,colombian_milds,2004,60.8325,0.608325
Kenya,colombian_milds,2004,71.0095,0.710095
Tanzania,colombian_milds,2004,26.3711,0.263711
Bolivia (Plurinational State of),other_milds,2004,,
Burundi,other_milds,2004,27.357,0.27357
Cameroon,other_milds,2004,,
Costa Rica,other_milds,2004,64.8733,0.648733
Cuba,other_milds,2004,70.1784,0.701784
Democratic Republic of Congo,other_milds,2004,,
Dominican Republic,other_milds,2004,75.6965,0.756965
Ecuador,other_milds,2004,51.194,0.5119400000000001
El Salvador,other_milds,2004,39.3039,0.39303899999999997
Guatemala,other_milds,2004,66.9099,0.6690989999999999
Haiti,other_milds,2004,,
Honduras,other_milds,2004,50.2225,0.5022249999999999
India,other_milds,2004,58.3193,0.583193
Jamaica,other_milds,2004,185.4223,1.8542230000000002
Madagascar,other_milds,2004,46.8166,0.468166
Malawi,other_milds,2004,51.6781,0.516781
Mexico,other_milds,2004,90.7787,0.907787
Nicaragua,other_milds,2004,40.8748,0.408748
Panama,other_milds,2004,,
Papua New Guinea,other_milds,2004,41.0979,0.41097900000000004
Peru,other_milds,2004,42.4274,0.424274
Rwanda,other_milds,2004,29.4574,0.294574
Sri Lanka,other_milds,2004,,
Uganda,other_milds,2004,35.9874,0.359874
Venezuela,other_milds,2004,,
Zambia,other_milds,2004,64.4375,0.644375
Zimbabwe,other_milds,2004,,
Angola,brazilian_naturals,2004,,
Brazil,brazilian_naturals,2004,56.3302,0.563302
Ethiopia,brazilian_naturals,2004,48.8512,0.488512
Indonesia,brazilian_naturals,2004,80.6176,0.806176
Philippines,brazilian_naturals,2004,66.2305,0.662305
Thailand,brazilian_naturals,2004,,
Viet Nam,brazilian_naturals,2004,,
Angola,robustas,2004,9.923,0.09923
Benin,robustas,2004,,
Brazil,robustas,2004,34.8484,0.34848399999999996
Burundi,robustas,2004,,
Cameroon,robustas,2004,,
Central African Republic,robustas,2004,20.1724,0.201724
Congo,robustas,2004,,
Côte d'Ivoire,robustas,2004,14.7655,0.14765499999999998
Democratic Republic of Congo,robustas,2004,,
Ecuador,robustas,2004,29.7468,0.297468
Gabon,robustas,2004,,
Ghana,robustas,2004,,
Guinea,robustas,2004,,
India,robustas,2004,30.7952,0.307952
Indonesia,robustas,2004,24.1702,0.241702
Liberia,robustas,2004,,
Madagascar,robustas,2004,19.74,0.1974
Nigeria,robustas,2004,,
Papua New Guinea,robustas,2004,22.1559,0.22155899999999998
Philippines,robustas,2004,31.8862,0.318862
Sierra Leone,robustas,2004,,
Sri Lanka,robustas,2004,,
Tanzania,robustas,2004,7.553,0.07553
Thailand,robustas,2004,12.8279,0.128279
Togo,robustas,2004,21.9065,0.219065
Trinidad & Tobago,robustas,2004,,
Uganda,robustas,2004,26.2624,0.26262399999999997
Viet Nam,robustas,2004,26.0012,0.260012
Colombia,colombian_milds,2005,89.2214,0.8922140000000001
Kenya,colombian_milds,2005,,
Tanzania,colombian_milds,2005,43.6924,0.436924
Bolivia (Plurinational State of),other_milds,2005,,
Burundi,other_milds,2005,42.9285,0.42928499999999997
Cameroon,other_milds,2005,,
Costa Rica,other_milds,2005,83.4296,0.8342959999999999
Cuba,other_milds,2005,70.7141,0.707141
Democratic Republic of Congo,other_milds,2005,,
Dominican Republic,other_milds,2005,87.9156,0.8791559999999999
Ecuador,other_milds,2005,91.6233,0.916233
El Salvador,other_milds,2005,67.097,0.67097
Guatemala,other_milds,2005,92.4642,0.9246420000000001
Haiti,other_milds,2005,,
Honduras,other_milds,2005,78.6893,0.7868930000000001
India,other_milds,2005,96.5255,0.965255
Jamaica,other_milds,2005,244.6888,2.446888
Madagascar,other_milds,2005,50.8012,0.508012
Malawi,other_milds,2005,83.7134,0.8371339999999999
Mexico,other_milds,2005,139.0296,1.390296
Nicaragua,other_milds,2005,52.8824,0.528824
Panama,other_milds,2005,,
Papua New Guinea,other_milds,2005,62.2599,0.622599
Peru,other_milds,2005,71.9382,0.719382
Rwanda,other_milds,2005,46.245,0.46244999999999997
Sri Lanka,other_milds,2005,,
Uganda,other_milds,2005,57.8593,0.578593
Venezuela,other_milds,2005,,
Zambia,other_milds,2005,87.176,0.87176
Zimbabwe,other_milds,2005,,
Angola,brazilian_naturals,2005,,
Brazil,brazilian_naturals,2005,87.09,0.8709
Ethiopia,brazilian_naturals,2005,64.2276,0.642276
Indonesia,brazilian_naturals,2005,117.0379,1.1703789999999998
Philippines,brazilian_naturals,2005,79.9997,0.7999970000000001
Thailand,brazilian_naturals,2005,,
Viet Nam,brazilian_naturals,2005,,
Angola,robustas,2005,10.4187,0.10418699999999999
Benin,robustas,2005,,
Brazil,robustas,2005,46.4667,0.46466700000000005
Burundi,robustas,2005,,
Cameroon,robustas,2005,,
Central African Republic,robustas,2005,,
Congo,robustas,2005,,
Côte d'Ivoire,robustas,2005,11.2288,0.112288
Democratic Republic of Congo,robustas,2005,,
Ecuador,robustas,2005,50.9623,0.5096229999999999
Gabon,robustas,2005,,
Ghana,robustas,2005,,
Guinea,robustas,2005,,
India,robustas,2005,52.4173,0.524173
Indonesia,robustas,2005,34.2061,0.342061
Liberia,robustas,2005,,
Madagascar,robustas,2005,30.2388,0.302388
Nigeria,robustas,2005,,
Papua New Guinea,robustas,2005,24.3033,0.243033
Philippines,robustas,2005,41.6909,0.416909
Sierra Leone,robustas,2005,,
Sri Lanka,robustas,2005,,
Tanzania,robustas,2005,14.2734,0.142734
Thailand,robustas,2005,18.3203,0.183203
Togo,robustas,2005,27.9158,0.279158
Trinidad & Tobago,robustas,2005,,
Uganda,robustas,2005,40.8231,0.40823099999999996
Viet Nam,robustas,2005,35.8985,0.358985
Colombia,colombian_milds,2006,89.8083,0.8980830000000001
Kenya,colombian_milds,2006,,
Tanzania,colombian_milds,2006,42.7651,0.42765099999999995
Bolivia (Plurinational State of),other_milds,2006,,
Burundi,other_milds,2006,63.4535,0.634535
Cameroon,other_milds,2006,,
Costa Rica,other_milds,2006,89.2238,0.892238
Cuba,other_milds,2006,70.7141,0.707141
Democratic Republic of Congo,other_milds,2006,,
Dominican Republic,other_milds,2006,86.2942,0.862942
Ecuador,other_milds,2006,92.445,0.9244499999999999
El Salvador,other_milds,2006,67.4926,0.6749259999999999
Guatemala,other_milds,2006,91.1947,0.911947
Haiti,other_milds,2006,,
Honduras,other_milds,2006,80.8164,0.808164
India,other_milds,2006,95.8634,0.958634
Jamaica,other_milds,2006,354.8887,3.5488869999999997
Madagascar,other_milds,2006,,
Malawi,other_milds,2006,84.5843,0.845843
Mexico,other_milds,2006,85.4966,0.854966
Nicaragua,other_milds,2006,58.6579,0.586579
Panama,other_milds,2006,,
Papua New Guinea,other_milds,2006,71.284,0.71284
Peru,other_milds,2006,68.8278,0.688278
Rwanda,other_milds,2006,,
Sri Lanka,other_milds,2006,,
Uganda,other_milds,2006,55.3373,0.553373
Venezuela,other_milds,2006,,
Zambia,other_milds,2006,100.1823,1.001823
Zimbabwe,other_milds,2006,,
Angola,brazilian_naturals,2006,,
Brazil,brazilian_naturals,2006,87.0178,0.8701779999999999
Ethiopia,brazilian_naturals,2006,58.3172,0.583172
Indonesia,brazilian_naturals,2006,107.5163,1.075163
Philippines,brazilian_naturals,2006,61.5072,0.615072
Thailand,brazilian_naturals,2006,,
Viet Nam,brazilian_naturals,2006,,
Angola,robustas,2006,12.9824,0.129824
Benin,robustas,2006,,
Brazil,robustas,2006,62.0285,0.620285
Burundi,robustas,2006,,
Cameroon,robustas,2006,,
Central African Republic,robustas,2006,,
Congo,robustas,2006,,
Côte d'Ivoire,robustas,2006,27.9899,0.279899
Democratic Republic of Congo,robustas,2006,,
Ecuador,robustas,2006,53.7258,0.537258
Gabon,robustas,2006,,
Ghana,robustas,2006,,
Guinea,robustas,2006,,
India,robustas,2006,61.3522,0.613522
Indonesia,robustas,2006,52.4731,0.5247310000000001
Liberia,robustas,2006,,
Madagascar,robustas,2006,41.7147,0.417147
Nigeria,robustas,2006,,
Papua New Guinea,robustas,2006,32.8919,0.328919
Philippines,robustas,2006,55.3165,0.553165
Sierra Leone,robustas,2006,,
Sri Lanka,robustas,2006,,
Tanzania,robustas,2006,21.4463,0.21446300000000001
Thailand,robustas,2006,46.5464,0.465464
Togo,robustas,2006,44.7165,0.44716500000000003
Trinidad & Tobago,robustas,2006,,
Uganda,robustas,2006,47.0192,0.470192
Viet Nam,robustas,2006,54.5026,0.545026
Colombia,colombian_milds,2007,100.0535,1.000535
Kenya,colombian_milds,2007,,
Tanzania,colombian_milds,2007,59.7769,0.597769
Bolivia (Plurinational State of),other_milds,2007,,
Burundi,other_milds,2007,80.3535,0.803535
Cameroon,other_milds,2007,80.1917,0.801917
Costa Rica,other_milds,2007,98.6447,0.986447
Cuba,other_milds,2007,47.1428,0.471428
Democratic Republic of Congo,other_milds,2007,,
Dominican Republic,other_milds,2007,87.1283,0.8712829999999999
Ecuador,other_milds,2007,110.5232,1.105232
El Salvador,other_milds,2007,75.2353,0.7523529999999999
Guatemala,other_milds,2007,98.312,0.98312
Haiti,other_milds,2007,,
Honduras,other_milds,2007,81.632,0.81632
India,other_milds,2007,108.0306,1.080306
Jamaica,other_milds,2007,343.0594,3.4305939999999997
Madagascar,other_milds,2007,,
Malawi,other_milds,2007,80.358,0.8035800000000001
Mexico,other_milds,2007,90.9075,0.909075
Nicaragua,other_milds,2007,64.3645,0.643645
Panama,other_milds,2007,,
Papua New Guinea,other_milds,2007,76.6883,0.766883
Peru,other_milds,2007,85.4441,0.854441
Rwanda,other_milds,2007,,
Sri Lanka,other_milds,2007,,
Uganda,other_milds,2007,65.0071,0.650071
Venezuela,other_milds,2007,,
Zambia,other_milds,2007,106.4471,1.0644710000000002
Zimbabwe,other_milds,2007,,
Angola,brazilian_naturals,2007,,
Brazil,brazilian_naturals,2007,98.2955,0.982955
Ethiopia,brazilian_naturals,2007,69.829,0.69829
Indonesia,brazilian_naturals,2007,117.9882,1.179882
Philippines,brazilian_naturals,2007,81.3725,0.813725
Thailand,brazilian_naturals,2007,,
Viet Nam,brazilian_naturals,2007,,
Angola,robustas,2007,36.0524,0.360524
Benin,robustas,2007,,
Brazil,robustas,2007,78.9409,0.789409
Burundi,robustas,2007,,
Cameroon,robustas,2007,55.1318,0.551318
Central African Republic,robustas,2007,45.3414,0.453414
Congo,robustas,2007,,
Côte d'Ivoire,robustas,2007,32.8384,0.328384
Democratic Republic of Congo,robustas,2007,,
Ecuador,robustas,2007,64.9046,0.649046
Gabon,robustas,2007,,
Ghana,robustas,2007,,
Guinea,robustas,2007,,
India,robustas,2007,79.3802,0.793802
Indonesia,robustas,2007,55.8043,0.558043
Liberia,robustas,2007,,
Madagascar,robustas,2007,69.5695,0.6956950000000001
Nigeria,robustas,2007,,
Papua New Guinea,robustas,2007,23.9073,0.23907299999999998
Philippines,robustas,2007,74.4775,0.7447750000000001
Sierra Leone,robustas,2007,,
Sri Lanka,robustas,2007,,
Tanzania,robustas,2007,21.3788,0.21378799999999998
Thailand,robustas,2007,64.6742,0.646742
Togo,robustas,2007,56.7223,0.5672229999999999
Trinidad & Tobago,robustas,2007,,
Uganda,robustas,2007,55.8766,0.558766
Viet Nam,robustas,2007,71.1417,0.711417
Colombia,colombian_milds,2008,114.2209,1.142209
Kenya,colombian_milds,2008,,
Tanzania,colombian_milds,2008,63.3829,0.633829
Bolivia (Plurinational State of),other_milds,2008,,
Burundi,other_milds,2008,86.1923,0.861923
Cameroon,other_milds,2008,79.1296,0.791296
Costa Rica,other_milds,2008,106.1749,1.0617489999999998
Cuba,other_milds,2008,70.7141,0.707141
Democratic Republic of Congo,other_milds,2008,,
Dominican Republic,other_milds,2008,101.4508,1.014508
Ecuador,other_milds,2008,145.036,1.45036
El Salvador,other_milds,2008,86.0511,0.860511
Guatemala,other_milds,2008,111.0286,1.1102859999999999
Haiti,other_milds,2008,,
Honduras,other_milds,2008,90.5567,0.905567
India,other_milds,2008,121.6958,1.216958
Jamaica,other_milds,2008,348.4808,3.4848079999999997
Madagascar,other_milds,2008,,
Malawi,other_milds,2008,76.2341,0.7623409999999999
Mexico,other_milds,2008,106.0489,1.060489
Nicaragua,other_milds,2008,71.0228,0.7102280000000001
Panama,other_milds,2008,,
Papua New Guinea,other_milds,2008,111.7771,1.117771
Peru,other_milds,2008,92.3921,0.923921
Rwanda,other_milds,2008,,
Sri Lanka,other_milds,2008,,
Uganda,other_milds,2008,73.3181,0.733181
Venezuela,other_milds,2008,,
Zambia,other_milds,2008,126.7021,1.267021
Zimbabwe,other_milds,2008,,
Angola,brazilian_naturals,2008,,
Brazil,brazilian_naturals,2008,109.2581,1.092581
Ethiopia,brazilian_naturals,2008,71.7101,0.717101
Indonesia,brazilian_naturals,2008,,
Philippines,brazilian_naturals,2008,95.5242,0.9552419999999999
Thailand,brazilian_naturals,2008,,
Viet Nam,brazilian_naturals,2008,,
Angola,robustas,2008,42.3165,0.42316499999999996
Benin,robustas,2008,,
Brazil,robustas,2008,91.5772,0.915772
Burundi,robustas,2008,,
Cameroon,robustas,2008,52.5448,0.525448
Central African Republic,robustas,2008,45.6902,0.456902
Congo,robustas,2008,,
Côte d'Ivoire,robustas,2008,51.8569,0.5185690000000001
Democratic Republic of Congo,robustas,2008,,
Ecuador,robustas,2008,79.2587,0.792587
Gabon,robustas,2008,,
Ghana,robustas,2008,,
Guinea,robustas,2008,,
India,robustas,2008,96.1168,0.961168
Indonesia,robustas,2008,,
Liberia,robustas,2008,,
Madagascar,robustas,2008,,
Nigeria,robustas,2008,,
Papua New Guinea,robustas,2008,34.8969,0.34896900000000003
Philippines,robustas,2008,88.332,0.8833199999999999
Sierra Leone,robustas,2008,,
Sri Lanka,robustas,2008,,
Tanzania,robustas,2008,35.3223,0.353223
Thailand,robustas,2008,83.75,0.8375
Togo,robustas,2008,76.9358,0.769358
Trinidad & Tobago,robustas,2008,,
Uganda,robustas,2008,71.0945,0.7109449999999999
Viet Nam,robustas,2008,89.1498,0.891498
Colombia,colombian_milds,2009,138.9551,1.389551
Kenya,colombian_milds,2009,,
Tanzania,colombian_milds,2009,,
Bolivia (Plurinational State of),other_milds,2009,,
Burundi,other_milds,2009,85.6816,0.856816
Cameroon,other_milds,2009,66.0498,0.660498
Costa Rica,other_milds,2009,106.8847,1.0688469999999999
Cuba,other_milds,2009,70.7141,0.707141
Democratic Republic of Congo,other_milds,2009,,
Dominican Republic,other_milds,2009,106.0351,1.060351
Ecuador,other_milds,2009,147.0903,1.470903
El Salvador,other_milds,2009,79.1937,0.7919370000000001
Guatemala,other_milds,2009,109.643,1.09643
Haiti,other_milds,2009,,
Honduras,other_milds,2009,83.7151,0.8371510000000001
India,other_milds,2009,136.8872,1.368872
Jamaica,other_milds,2009,295.9686,2.9596859999999996
Madagascar,other_milds,2009,,
Malawi,other_milds,2009,91.3144,0.9131440000000001
Mexico,other_milds,2009,,
Nicaragua,other_milds,2009,71.0177,0.7101770000000001
Panama,other_milds,2009,,
Papua New Guinea,other_milds,2009,72.7461,0.727461
Peru,other_milds,2009,92.6586,0.926586
Rwanda,other_milds,2009,,
Sri Lanka,other_milds,2009,,
Uganda,other_milds,2009,60.5449,0.605449
Venezuela,other_milds,2009,,
Zambia,other_milds,2009,116.5411,1.165411
Zimbabwe,other_milds,2009,,
Angola,brazilian_naturals,2009,,
Brazil,brazilian_naturals,2009,100.7993,1.007993
Ethiopia,brazilian_naturals,2009,77.0621,0.770621
Indonesia,brazilian_naturals,2009,,
Philippines,brazilian_naturals,2009,,
Thailand,brazilian_naturals,2009,,
Viet Nam,brazilian_naturals,2009,,
Angola,robustas,2009,40.1402,0.401402
Benin,robustas,2009,,
Brazil,robustas,2009,73.4234,0.734234
Burundi,robustas,2009,,
Cameroon,robustas,2009,37.7428,0.37742800000000004
Central African Republic,robustas,2009,43.5931,0.435931
Congo,robustas,2009,,
Côte d'Ivoire,robustas,2009,37.5209,0.37520899999999996
Democratic Republic of Congo,robustas,2009,,
Ecuador,robustas,2009,77.9858,0.7798579999999999
Gabon,robustas,2009,91.9579,0.9195789999999999
Ghana,robustas,2009,,
Guinea,robustas,2009,,
India,robustas,2009,73.1278,0.731278
Indonesia,robustas,2009,,
Liberia,robustas,2009,,
Madagascar,robustas,2009,,
Nigeria,robustas,2009,,
Papua New Guinea,robustas,2009,27.5747,0.275747
Philippines,robustas,2009,69.3786,0.693786
Sierra Leone,robustas,2009,,
Sri Lanka,robustas,2009,,
Tanzania,robustas,2009,,
Thailand,robustas,2009,90.4789,0.904789
Togo,robustas,2009,44.7102,0.447102
Trinidad & Tobago,robustas,2009,,
Uganda,robustas,2009,49.0312,0.49031199999999997
Viet Nam,robustas,2009,65.5202,0.6552020000000001
Colombia,colombian_milds,2010,180.5484,1.8054839999999999
Kenya,colombian_milds,2010,,
Tanzania,colombian_milds,2010,,
Bolivia (Plurinational State of),other_milds,2010,,
Burundi,other_milds,2010,85.6928,0.856928
Cameroon,other_milds,2010,,
Costa Rica,other_milds,2010,139.8577,1.398577
Cuba,other_milds,2010,70.7141,0.707141
Democratic Republic of Congo,other_milds,2010,,
Dominican Republic,other_milds,2010,139.1288,1.391288
Ecuador,other_milds,2010,161.8815,1.618815
El Salvador,other_milds,2010,109.8806,1.098806
Guatemala,other_milds,2010,144.7711,1.447711
Haiti,other_milds,2010,,
Honduras,other_milds,2010,125.1588,1.251588
India,other_milds,2010,151.0778,1.510778
Jamaica,other_milds,2010,286.8197,2.8681970000000003
Madagascar,other_milds,2010,,
Malawi,other_milds,2010,96.3484,0.963484
Mexico,other_milds,2010,,
Nicaragua,other_milds,2010,78.5382,0.785382
Panama,other_milds,2010,,
Papua New Guinea,other_milds,2010,94.8925,0.948925
Peru,other_milds,2010,119.1823,1.191823
Rwanda,other_milds,2010,,
Sri Lanka,other_milds,2010,,
Uganda,other_milds,2010,87.2302,0.8723019999999999
Venezuela,other_milds,2010,,
Zambia,other_milds,2010,120.1508,1.201508
Zimbabwe,other_milds,2010,,
Angola,brazilian_naturals,2010,,
Brazil,brazilian_naturals,2010,133.9954,1.3399539999999999
Ethiopia,brazilian_naturals,2010,85.4598,0.854598
Indonesia,brazilian_naturals,2010,,
Philippines,brazilian_naturals,2010,,
Thailand,brazilian_naturals,2010,,
Viet Nam,brazilian_naturals,2010,,
Angola,robustas,2010,44.3889,0.443889
Benin,robustas,2010,,
Brazil,robustas,2010,74.2175,0.742175
Burundi,robustas,2010,,
Cameroon,robustas,2010,,
Central African Republic,robustas,2010,51.3974,0.5139739999999999
Congo,robustas,2010,,
Côte d'Ivoire,robustas,2010,22.4929,0.224929
Democratic Republic of Congo,robustas,2010,,
Ecuador,robustas,2010,80.548,0.80548
Gabon,robustas,2010,82.5789,0.825789
Ghana,robustas,2010,,
Guinea,robustas,2010,,
India,robustas,2010,77.9592,0.779592
Indonesia,robustas,2010,,
Liberia,robustas,2010,,
Madagascar,robustas,2010,,
Nigeria,robustas,2010,,
Papua New Guinea,robustas,2010,29.4453,0.294453
Philippines,robustas,2010,65.8679,0.658679
Sierra Leone,robustas,2010,,
Sri Lanka,robustas,2010,,
Tanzania,robustas,2010,,
Thailand,robustas,2010,84.5002,0.845002
Togo,robustas,2010,42.355,0.42355
Trinidad & Tobago,robustas,2010,,
Uganda,robustas,2010,55.611,0.55611
Viet Nam,robustas,2010,67.1829,0.671829
Colombia,colombian_milds,2011,239.6763,2.396763
Kenya,colombian_milds,2011,,
Tanzania,colombian_milds,2011,,
Bolivia (Plurinational State of),other_milds,2011,,
Burundi,other_milds,2011,,
Cameroon,other_milds,2011,,
Costa Rica,other_milds,2011,180.2225,1.802225
Cuba,other_milds,2011,70.7141,0.707141
Democratic Republic of Congo,other_milds,2011,,
Dominican Republic,other_milds,2011,191.0669,1.910669
Ecuador,other_milds,2011,227.2094,2.272094
El Salvador,other_milds,2011,186.7382,1.867382
Guatemala,other_milds,2011,212.4147,2.1241470000000002
Haiti,other_milds,2011,,
Honduras,other_milds,2011,200.019,2.00019
India,other_milds,2011,228.4583,2.284583
Jamaica,other_milds,2011,302.6948,3.026948
Madagascar,other_milds,2011,,
Malawi,other_milds,2011,,
Mexico,other_milds,2011,,
Nicaragua,other_milds,2011,91.0278,0.910278
Panama,other_milds,2011,,
Papua New Guinea,other_milds,2011,141.2352,1.4123519999999998
Peru,other_milds,2011,,
Rwanda,other_milds,2011,,
Sri Lanka,other_milds,2011,,
Uganda,other_milds,2011,147.0267,1.470267
Venezuela,other_milds,2011,,
Zambia,other_milds,2011,84.7926,0.847926
Zimbabwe,other_milds,2011,,
Angola,brazilian_naturals,2011,,
Brazil,brazilian_naturals,2011,224.26,2.2426
Ethiopia,brazilian_naturals,2011,145.4623,1.454623
Indonesia,brazilian_naturals,2011,,
Philippines,brazilian_naturals,2011,,
Thailand,brazilian_naturals,2011,,
Viet Nam,brazilian_naturals,2011,,
Angola,robustas,2011,48.2936,0.482936
Benin,robustas,2011,,
Brazil,robustas,2011,105.2938,1.0529380000000002
Burundi,robustas,2011,,
Cameroon,robustas,2011,,
Central African Republic,robustas,2011,72.7194,0.7271939999999999
Congo,robustas,2011,,
Côte d'Ivoire,robustas,2011,28.4045,0.284045
Democratic Republic of Congo,robustas,2011,,
Ecuador,robustas,2011,95.2595,0.9525950000000001
Gabon,robustas,2011,88.9243,0.889243
Ghana,robustas,2011,18.4346,0.184346
Guinea,robustas,2011,,
India,robustas,2011,109.6024,1.096024
Indonesia,robustas,2011,,
Liberia,robustas,2011,,
Madagascar,robustas,2011,,
Nigeria,robustas,2011,,
Papua New Guinea,robustas,2011,37.6759,0.376759
Philippines,robustas,2011,108.3772,1.083772
Sierra Leone,robustas,2011,18.828,0.18828
Sri Lanka,robustas,2011,,
Tanzania,robustas,2011,,
Thailand,robustas,2011,107.6442,1.076442
Togo,robustas,2011,74.143,0.74143
Trinidad & Tobago,robustas,2011,,
Uganda,robustas,2011,73.5356,0.735356
Viet Nam,robustas,2011,98.5716,0.985716
Colombia,colombian_milds,2012,166.6921,1.666921
Kenya,colombian_milds,2012,,
Tanzania,colombian_milds,2012,,
Bolivia (Plurinational State of),other_milds,2012,225.6445,2.256445
Burundi,other_milds,2012,,
Cameroon,other_milds,2012,,
Costa Rica,other_milds,2012,160.7291,1.6072909999999998
Cuba,other_milds,2012,70.7141,0.707141
Democratic Republic of Congo,other_milds,2012,,
Dominican Republic,other_milds,2012,147.8066,1.478066
Ecuador,other_milds,2012,183.904,1.83904
El Salvador,other_milds,2012,120.1201,1.201201
Guatemala,other_milds,2012,165.9795,1.659795
Haiti,other_milds,2012,,
Honduras,other_milds,2012,141.1476,1.4114760000000002
India,other_milds,2012,161.9762,1.6197620000000001
Jamaica,other_milds,2012,301.4442,3.0144420000000003
Madagascar,other_milds,2012,,
Malawi,other_milds,2012,,
Mexico,other_milds,2012,,
Nicaragua,other_milds,2012,60.8432,0.6084320000000001
Panama,other_milds,2012,,
Papua New Guinea,other_milds,2012,98.8167,0.988167
Peru,other_milds,2012,132.337,1.32337
Rwanda,other_milds,2012,,
Sri Lanka,other_milds,2012,,
Uganda,other_milds,2012,93.6822,0.9368219999999999
Venezuela,other_milds,2012,,
Zambia,other_milds,2012,,
Zimbabwe,other_milds,2012,,
Angola,brazilian_naturals,2012,57.0161,0.570161
Brazil,brazilian_naturals,2012,152.2879,1.522879
Ethiopia,brazilian_naturals,2012,102.7897,1.027897
Indonesia,brazilian_naturals,2012,,
Philippines,brazilian_naturals,2012,262.0105,2.6201049999999997
Thailand,brazilian_naturals,2012,,
Viet Nam,brazilian_naturals,2012,84.4656,0.844656
Angola,robustas,2012,47.5127,0.475127
Benin,robustas,2012,,
Brazil,robustas,2012,104.4046,1.044046
Burundi,robustas,2012,,
Cameroon,robustas,2012,,
Central African Republic,robustas,2012,68.7288,0.6872880000000001
Congo,robustas,2012,,
Côte d'Ivoire,robustas,2012,46.294,0.46293999999999996
Democratic Republic of Congo,robustas,2012,,
Ecuador,robustas,2012,95.1173,0.951173
Gabon,robustas,2012,88.8971,0.888971
Ghana,robustas,2012,17.7237,0.177237
Guinea,robustas,2012,,
India,robustas,2012,104.6512,1.046512
Indonesia,robustas,2012,,
Liberia,robustas,2012,,
Madagascar,robustas,2012,,
Nigeria,robustas,2012,,
Papua New Guinea,robustas,2012,37.2408,0.372408
Philippines,robustas,2012,96.3769,0.9637690000000001
Sierra Leone,robustas,2012,31.8686,0.318686
Sri Lanka,robustas,2012,,
Tanzania,robustas,2012,,
Thailand,robustas,2012,103.0864,1.030864
Togo,robustas,2012,68.4979,0.684979
Trinidad & Tobago,robustas,2012,,
Uganda,robustas,2012,71.8047,0.718047
Viet Nam,robustas,2012,87.965,0.87965
Colombia,colombian_milds,2013,113.9086,1.139086
Kenya,colombian_milds,2013,,
Tanzania,colombian_milds,2013,,
Bolivia (Plurinational State of),other_milds,2013,201.9723,2.019723
Burundi,other_milds,2013,,
Cameroon,other_milds,2013,82.8733,0.828733
Costa Rica,other_milds,2013,124.6527,1.246527
Cuba,other_milds,2013,221.9638,2.2196379999999998
Democratic Republic of Congo,other_milds,2013,,
Dominican Republic,other_milds,2013,140.9774,1.4097739999999999
Ecuador,other_milds,2013,122.2432,1.222432
El Salvador,other_milds,2013,95.2784,0.9527840000000001
Guatemala,other_milds,2013,127.0596,1.270596
Haiti,other_milds,2013,,
Honduras,other_milds,2013,101.7963,1.017963
India,other_milds,2013,117.0557,1.170557
Jamaica,other_milds,2013,,
Madagascar,other_milds,2013,,
Malawi,other_milds,2013,,
Mexico,other_milds,2013,,
Nicaragua,other_milds,2013,39.5233,0.395233
Panama,other_milds,2013,,
Papua New Guinea,other_milds,2013,61.9869,0.619869
Peru,other_milds,2013,98.5298,0.9852979999999999
Rwanda,other_milds,2013,,
Sri Lanka,other_milds,2013,,
Uganda,other_milds,2013,70.0295,0.700295
Venezuela,other_milds,2013,,
Zambia,other_milds,2013,,
Zimbabwe,other_milds,2013,,
Angola,brazilian_naturals,2013,37.6447,0.376447
Brazil,brazilian_naturals,2013,102.1379,1.021379
Ethiopia,brazilian_naturals,2013,73.3004,0.733004
Indonesia,brazilian_naturals,2013,,
Philippines,brazilian_naturals,2013,,
Thailand,brazilian_naturals,2013,203.4373,2.034373
Viet Nam,brazilian_naturals,2013,,
Angola,robustas,2013,31.3706,0.313706
Benin,robustas,2013,,
Brazil,robustas,2013,85.2862,0.8528619999999999
Burundi,robustas,2013,,
Cameroon,robustas,2013,66.4339,0.6643389999999999
Central African Republic,robustas,2013,,
Congo,robustas,2013,,
Côte d'Ivoire,robustas,2013,56.9418,0.569418
Democratic Republic of Congo,robustas,2013,,
Ecuador,robustas,2013,76.3991,0.7639910000000001
Gabon,robustas,2013,91.8416,0.918416
Ghana,robustas,2013,21.3551,0.213551
Guinea,robustas,2013,,
India,robustas,2013,94.8753,0.948753
Indonesia,robustas,2013,,
Liberia,robustas,2013,,
Madagascar,robustas,2013,,
Nigeria,robustas,2013,,
Papua New Guinea,robustas,2013,24.0369,0.240369
Philippines,robustas,2013,90.1654,0.9016540000000001
Sierra Leone,robustas,2013,,
Sri Lanka,robustas,2013,,
Tanzania,robustas,2013,,
Thailand,robustas,2013,103.7722,1.037722
Togo,robustas,2013,66.5629,0.665629
Trinidad & Tobago,robustas,2013,,
Uganda,robustas,2013,67.7053,0.6770529999999999
Viet Nam,robustas,2013,90.2336,0.9023359999999999
Colombia,colombian_milds,2014,159.7125,1.5971250000000001
Kenya,colombian_milds,2014,,
Tanzania,colombian_milds,2014,,
Bolivia (Plurinational State of),other_milds,2014,239.2465,2.392465
Burundi,other_milds,2014,,
Cameroon,other_milds,2014,,
Costa Rica,other_milds,2014,130.7748,1.307748
Cuba,other_milds,2014,235.7138,2.357138
Democratic Republic of Congo,other_milds,2014,,
Dominican Republic,other_milds,2014,183.5634,1.835634
Ecuador,other_milds,2014,100.4471,1.0044710000000001
El Salvador,other_milds,2014,117.0067,1.170067
Guatemala,other_milds,2014,152.8336,1.528336
Haiti,other_milds,2014,,
Honduras,other_milds,2014,118.9403,1.189403
India,other_milds,2014,175.6491,1.756491
Jamaica,other_milds,2014,,
Madagascar,other_milds,2014,,
Malawi,other_milds,2014,,
Mexico,other_milds,2014,,
Nicaragua,other_milds,2014,71.8509,0.718509
Panama,other_milds,2014,,
Papua New Guinea,other_milds,2014,86.306,0.8630599999999999
Peru,other_milds,2014,125.6877,1.256877
Rwanda,other_milds,2014,,
Sri Lanka,other_milds,2014,,
Uganda,other_milds,2014,103.7028,1.037028
Venezuela,other_milds,2014,,
Zambia,other_milds,2014,,
Zimbabwe,other_milds,2014,,
Angola,brazilian_naturals,2014,54.6078,0.546078
Brazil,brazilian_naturals,2014,134.6969,1.346969
Ethiopia,brazilian_naturals,2014,83.2356,0.8323560000000001
Indonesia,brazilian_naturals,2014,,
Philippines,brazilian_naturals,2014,,
Thailand,brazilian_naturals,2014,113.3269,1.1332689999999999
Viet Nam,brazilian_naturals,2014,,
Angola,robustas,2014,46.152,0.46152
Benin,robustas,2014,,
Brazil,robustas,2014,81.1637,0.811637
Burundi,robustas,2014,,
Cameroon,robustas,2014,,
Central African Republic,robustas,2014,,
Congo,robustas,2014,,
Côte d'Ivoire,robustas,2014,56.9712,0.569712
Democratic Republic of Congo,robustas,2014,,
Ecuador,robustas,2014,46.469,0.46469
Gabon,robustas,2014,91.889,0.91889
Ghana,robustas,2014,15.9379,0.15937900000000002
Guinea,robustas,2014,,
India,robustas,2014,104.634,1.04634
Indonesia,robustas,2014,,
Liberia,robustas,2014,,
Madagascar,robustas,2014,,
Nigeria,robustas,2014,,
Papua New Guinea,robustas,2014,22.631,0.22631
Philippines,robustas,2014,,
Sierra Leone,robustas,2014,,
Sri Lanka,robustas,2014,,
Tanzania,robustas,2014,,
Thailand,robustas,2014,92.043,0.9204300000000001
Togo,robustas,2014,59.8826,0.598826
Trinidad & Tobago,robustas,2014,,
Uganda,robustas,2014,70.1796,0.701796
Viet Nam,robustas,2014,,
Colombia,colombian_milds,2015,119.4042,1.194042
Kenya,colombian_milds,2015,,
Tanzania,colombian_milds,2015,,
Bolivia (Plurinational State of),other_milds,2015,234.7937,2.347937
Burundi,other_milds,2015,,
Cameroon,other_milds,2015,,
Costa Rica,other_milds,2015,145.8383,1.458383
Cuba,other_milds,2015,235.7138,2.357138
Democratic Republic of Congo,other_milds,2015,,
Dominican Republic,other_milds,2015,171.008,1.71008
Ecuador,other_milds,2015,,
El Salvador,other_milds,2015,87.4489,0.874489
Guatemala,other_milds,2015,139.2173,1.3921729999999999
Haiti,other_milds,2015,,
Honduras,other_milds,2015,110.9653,1.109653
India,other_milds,2015,157.0967,1.570967
Jamaica,other_milds,2015,,
Madagascar,other_milds,2015,,
Malawi,other_milds,2015,,
Mexico,other_milds,2015,,
Nicaragua,other_milds,2015,,
Panama,other_milds,2015,,
Papua New Guinea,other_milds,2015,66.5234,0.665234
Peru,other_milds,2015,104.2927,1.042927
Rwanda,other_milds,2015,,
Sri Lanka,other_milds,2015,,
Uganda,other_milds,2015,81.2701,0.812701
Venezuela,other_milds,2015,,
Zambia,other_milds,2015,,
Zimbabwe,other_milds,2015,,
Angola,brazilian_naturals,2015,45.812,0.45811999999999997
Brazil,brazilian_naturals,2015,104.4866,1.0448659999999999
Ethiopia,brazilian_naturals,2015,76.0297,0.760297
Indonesia,brazilian_naturals,2015,,
Philippines,brazilian_naturals,2015,,
Thailand,brazilian_naturals,2015,124.5841,1.245841
Viet Nam,brazilian_naturals,2015,,
Angola,robustas,2015,38.1767,0.38176699999999997
Benin,robustas,2015,,
Brazil,robustas,2015,73.5269,0.735269
Burundi,robustas,2015,,
Cameroon,robustas,2015,,
Central African Republic,robustas,2015,40.0288,0.400288
Congo,robustas,2015,,
Côte d'Ivoire,robustas,2015,49.8747,0.498747
Democratic Republic of Congo,robustas,2015,,
Ecuador,robustas,2015,,
Gabon,robustas,2015,77.0689,0.770689
Ghana,robustas,2015,24.1176,0.241176
Guinea,robustas,2015,,
India,robustas,2015,87.9485,0.879485
Indonesia,robustas,2015,,
Liberia,robustas,2015,,
Madagascar,robustas,2015,,
Nigeria,robustas,2015,,
Papua New Guinea,robustas,2015,25.0961,0.250961
Philippines,robustas,2015,,
Sierra Leone,robustas,2015,,
Sri Lanka,robustas,2015,,
Tanzania,robustas,2015,,
Thailand,robustas,2015,96.5325,0.965325
Togo,robustas,2015,59.5525,0.595525
Trinidad & Tobago,robustas,2015,,
Uganda,robustas,2015,60.2159,0.602159
Viet Nam,robustas,2015,,
Colombia,colombian_milds,2016,123.5571,1.235571
Kenya,colombian_milds,2016,,
Tanzania,colombian_milds,2016,,
Bolivia (Plurinational State of),other_milds,2016,271.7944,2.717944
Burundi,other_milds,2016,,
Cameroon,other_milds,2016,,
Costa Rica,other_milds,2016,129.1077,1.291077
Cuba,other_milds,2016,235.7138,2.357138
Democratic Republic of Congo,other_milds,2016,,
Dominican Republic,other_milds,2016,177.1862,1.771862
Ecuador,other_milds,2016,,
El Salvador,other_milds,2016,89.5328,0.8953279999999999
Guatemala,other_milds,2016,135.4671,1.354671
Haiti,other_milds,2016,,
Honduras,other_milds,2016,93.1681,0.931681
India,other_milds,2016,132.2063,1.322063
Jamaica,other_milds,2016,,
Madagascar,other_milds,2016,,
Malawi,other_milds,2016,,
Mexico,other_milds,2016,,
Nicaragua,other_milds,2016,,
Panama,other_milds,2016,,
Papua New Guinea,other_milds,2016,57.5014,0.5750139999999999
Peru,other_milds,2016,78.8416,0.788416
Rwanda,other_milds,2016,,
Sri Lanka,other_milds,2016,,
Uganda,other_milds,2016,71.0947,0.710947
Venezuela,other_milds,2016,,
Zambia,other_milds,2016,,
Zimbabwe,other_milds,2016,,
Angola,brazilian_naturals,2016,100.4557,1.004557
Brazil,brazilian_naturals,2016,107.8306,1.078306
Ethiopia,brazilian_naturals,2016,87.3074,0.873074
Indonesia,brazilian_naturals,2016,,
Philippines,brazilian_naturals,2016,,
Thailand,brazilian_naturals,2016,,
Viet Nam,brazilian_naturals,2016,,
Angola,robustas,2016,78.3331,0.783331
Benin,robustas,2016,,
Brazil,robustas,2016,92.7777,0.927777
Burundi,robustas,2016,,
Cameroon,robustas,2016,,
Central African Republic,robustas,2016,30.7434,0.307434
Congo,robustas,2016,,
Côte d'Ivoire,robustas,2016,52.7617,0.527617
Democratic Republic of Congo,robustas,2016,,
Ecuador,robustas,2016,,
Gabon,robustas,2016,,
Ghana,robustas,2016,38.479,0.38478999999999997
Guinea,robustas,2016,,
India,robustas,2016,82.712,0.8271200000000001
Indonesia,robustas,2016,,
Liberia,robustas,2016,,
Madagascar,robustas,2016,,
Nigeria,robustas,2016,,
Papua New Guinea,robustas,2016,21.5373,0.21537299999999998
Philippines,robustas,2016,,
Sierra Leone,robustas,2016,,
Sri Lanka,robustas,2016,,
Tanzania,robustas,2016,,
Thailand,robustas,2016,,
Togo,robustas,2016,65.7322,0.6573220000000001
Trinidad & Tobago,robustas,2016,,
Uganda,robustas,2016,59.4124,0.594124
Viet Nam,robustas,2016,,
Colombia,colombian_milds,2017,125.7612,1.257612
Kenya,colombian_milds,2017,,
Tanzania,colombian_milds,2017,,
Bolivia (Plurinational State of),other_milds,2017,471.6169,4.716169
Burundi,other_milds,2017,,
Cameroon,other_milds,2017,,
Costa Rica,other_milds,2017,138.0947,1.380947
Cuba,other_milds,2017,235.7138,2.357138
Democratic Republic of Congo,other_milds,2017,62.369,0.62369
Dominican Republic,other_milds,2017,173.3619,1.733619
Ecuador,other_milds,2017,,
El Salvador,other_milds,2017,87.6174,0.876174
Guatemala,other_milds,2017,134.1238,1.341238
Haiti,other_milds,2017,,
Honduras,other_milds,2017,90.7663,0.907663
India,other_milds,2017,135.7525,1.3575249999999999
Jamaica,other_milds,2017,,
Madagascar,other_milds,2017,,
Malawi,other_milds,2017,,
Mexico,other_milds,2017,,
Nicaragua,other_milds,2017,,
Panama,other_milds,2017,,
Papua New Guinea,other_milds,2017,,
Peru,other_milds,2017,,
Rwanda,other_milds,2017,,
Sri Lanka,other_milds,2017,,
Uganda,other_milds,2017,76.9963,0.7699630000000001
Venezuela,other_milds,2017,,
Zambia,other_milds,2017,,
Zimbabwe,other_milds,2017,,
Angola,brazilian_naturals,2017,159.4754,1.594754
Brazil,brazilian_naturals,2017,110.4757,1.104757
Ethiopia,brazilian_naturals,2017,81.5073,0.815073
Indonesia,brazilian_naturals,2017,,
Philippines,brazilian_naturals,2017,,
Thailand,brazilian_naturals,2017,,
Viet Nam,brazilian_naturals,2017,,
Angola,robustas,2017,132.1367,1.321367
Benin,robustas,2017,,
Brazil,robustas,2017,98.2114,0.9821139999999999
Burundi,robustas,2017,,
Cameroon,robustas,2017,,
Central African Republic,robustas,2017,,
Congo,robustas,2017,,
Côte d'Ivoire,robustas,2017,58.5604,0.585604
Democratic Republic of Congo,robustas,2017,45.3592,0.453592
Ecuador,robustas,2017,,
Gabon,robustas,2017,,
Ghana,robustas,2017,40.8853,0.408853
Guinea,robustas,2017,,
India,robustas,2017,94.968,0.9496800000000001
Indonesia,robustas,2017,,
Liberia,robustas,2017,,
Madagascar,robustas,2017,,
Nigeria,robustas,2017,,
Papua New Guinea,robustas,2017,,
Philippines,robustas,2017,,
Sierra Leone,robustas,2017,,
Sri Lanka,robustas,2017,,
Tanzania,robustas,2017,,
Thailand,robustas,2017,,
Togo,robustas,2017,68.7301,0.6873009999999999
Trinidad & Tobago,robustas,2017,,
Uganda,robustas,2017,63.9549,0.639549
Viet Nam,robustas,2017,,
Colombia,colombian_milds,2018,113.5179,1.135179
Kenya,colombian_milds,2018,,
Tanzania,colombian_milds,2018,,
Bolivia (Plurinational State of),other_milds,2018,455.146,4.5514600000000005
Burundi,other_milds,2018,,
Cameroon,other_milds,2018,70.7864,0.707864
Costa Rica,other_milds,2018,,
Cuba,other_milds,2018,,
Democratic Republic of Congo,other_milds,2018,62.369,0.62369
Dominican Republic,other_milds,2018,153.6147,1.536147
Ecuador,other_milds,2018,,
El Salvador,other_milds,2018,74.5321,0.745321
Guatemala,other_milds,2018,122.1751,1.221751
Haiti,other_milds,2018,,
Honduras,other_milds,2018,84.0447,0.840447
India,other_milds,2018,110.1196,1.101196
Jamaica,other_milds,2018,,
Madagascar,other_milds,2018,,
Malawi,other_milds,2018,,
Mexico,other_milds,2018,,
Nicaragua,other_milds,2018,,
Panama,other_milds,2018,,
Papua New Guinea,other_milds,2018,,
Peru,other_milds,2018,,
Rwanda,other_milds,2018,,
Sri Lanka,other_milds,2018,,
Uganda,other_milds,2018,68.2531,0.682531
Venezuela,other_milds,2018,,
Zambia,other_milds,2018,,
Zimbabwe,other_milds,2018,,
Angola,brazilian_naturals,2018,120.5216,1.205216
Brazil,brazilian_naturals,2018,90.7803,0.9078029999999999
Ethiopia,brazilian_naturals,2018,70.6786,0.706786
Indonesia,brazilian_naturals,2018,,
Philippines,brazilian_naturals,2018,,
Thailand,brazilian_naturals,2018,,
Viet Nam,brazilian_naturals,2018,,
Angola,robustas,2018,100.4347,1.004347
Benin,robustas,2018,,
Brazil,robustas,2018,67.4212,0.674212
Burundi,robustas,2018,,
Cameroon,robustas,2018,45.2247,0.452247
Central African Republic,robustas,2018,,
Congo,robustas,2018,,
Côte d'Ivoire,robustas,2018,61.9708,0.6197079999999999
Democratic Republic of Congo,robustas,2018,45.3595,0.45359499999999997
Ecuador,robustas,2018,,
Gabon,robustas,2018,,
Ghana,robustas,2018,,
Guinea,robustas,2018,,
India,robustas,2018,78.4831,0.784831
Indonesia,robustas,2018,,
Liberia,robustas,2018,,
Madagascar,robustas,2018,,
Nigeria,robustas,2018,,
Papua New Guinea,robustas,2018,,
Philippines,robustas,2018,,
Sierra Leone,robustas,2018,,
Sri Lanka,robustas,2018,,
Tanzania,robustas,2018,,
Thailand,robustas,2018,,
Togo,robustas,2018,70.9276,0.709276
Trinidad & Tobago,robustas,2018,,
Uganda,robustas,2018,57.2308,0.572308
Viet Nam,robustas,2018,,
Colombia,colombian_milds,2019,108.6836,1.086836
Kenya,colombian_milds,2019,,
Tanzania,colombian_milds,2019,,
Bolivia (Plurinational State of),other_milds,2019,858.2941,8.582941
Burundi,other_milds,2019,,
Cameroon,other_milds,2019,70.8467,0.708467
Costa Rica,other_milds,2019,,
Cuba,other_milds,2019,,
Democratic Republic of Congo,other_milds,2019,62.369,0.62369
Dominican Republic,other_milds,2019,148.262,1.48262
Ecuador,other_milds,2019,,
El Salvador,other_milds,2019,65.551,0.65551
Guatemala,other_milds,2019,,
Haiti,other_milds,2019,,
Honduras,other_milds,2019,72.3684,0.723684
India,other_milds,2019,105.9568,1.059568
Jamaica,other_milds,2019,,
Madagascar,other_milds,2019,,
Malawi,other_milds,2019,,
Mexico,other_milds,2019,,
Nicaragua,other_milds,2019,,
Panama,other_milds,2019,,
Papua New Guinea,other_milds,2019,,
Peru,other_milds,2019,,
Rwanda,other_milds,2019,,
Sri Lanka,other_milds,2019,,
Uganda,other_milds,2019,60.8494,0.608494
Venezuela,other_milds,2019,,
Zambia,other_milds,2019,,
Zimbabwe,other_milds,2019,,
Angola,brazilian_naturals,2019,,
Brazil,brazilian_naturals,2019,81.483,0.81483
Ethiopia,brazilian_naturals,2019,69.3104,0.693104
Indonesia,brazilian_naturals,2019,,
Philippines,brazilian_naturals,2019,,
Thailand,brazilian_naturals,2019,,
Viet Nam,brazilian_naturals,2019,,
Angola,robustas,2019,,
Benin,robustas,2019,,
Brazil,robustas,2019,56.4532,0.564532
Burundi,robustas,2019,,
Cameroon,robustas,2019,45.2632,0.452632
Central African Republic,robustas,2019,,
Congo,robustas,2019,,
Côte d'Ivoire,robustas,2019,,
Democratic Republic of Congo,robustas,2019,45.3592,0.453592
Ecuador,robustas,2019,,
Gabon,robustas,2019,,
Ghana,robustas,2019,,
Guinea,robustas,2019,,
India,robustas,2019,70.6774,0.706774
Indonesia,robustas,2019,,
Liberia,robustas,2019,,
Madagascar,robustas,2019,,
Nigeria,robustas,2019,,
Papua New Guinea,robustas,2019,,
Philippines,robustas,2019,,
Sierra Leone,robustas,2019,,
Sri Lanka,robustas,2019,,
Tanzania,robustas,2019,,
Thailand,robustas,2019,,
Togo,robustas,2019,70.5011,0.7050109999999999
Trinidad & Tobago,robustas,2019,,
Uganda,robustas,2019,54.6081,0.546081
Viet Nam,robustas,2019,,
